{"ds1": {"kmeans": {"silhouette": 0.44674907306090744, "davies_bouldin": 0.9255436203966856, "calinski_harabasz": 10688.867738140407}, "dbscan": {"silhouette": 0.9335266969771665, "davies_bouldin": 0.09147340113171971, "calinski_harabasz": 3410.656589489084}}, "ds2": {"kmeans": {"silhouette": 0.5232465499657487, "davies_bouldin": 0.6453132548005838, "calinski_harabasz": 13280.036793310226}, "dbscan": {"silhouette": 0.5946779996124476, "davies_bouldin": 0.2730174870687079, "calinski_harabasz": 31.314710017035004}}, "ds3": {"kmeans": {"silhouette": 0.44184439166802, "davies_bouldin": 0.8054361277210834, "calinski_harabasz": 12232.836775681886}, "dbscan": {"silhouette": 0.30662959925232897, "davies_bouldin": 0.768836992974681, "calinski_harabasz": 5392.894652427477}}}